1. open,2. high,3. low,4. close,5. volume
281.4000,282.4700,281.3000,282.4100,518960
281.3200,281.8200,281.0200,281.4900,194946
280.3450,281.3700,280.3300,281.3400,128463
279.0700,280.4100,279.0550,280.3500,105704
279.5550,279.6650,279.0400,279.0400,68739
279.4700,279.8100,279.4300,279.5400,75383
279.5500,279.7400,279.4700,279.4900,59429
279.5050,279.6650,279.3900,279.5250,50155
279.5500,279.5500,279.3250,279.4800,48791
279.5000,279.7200,279.2900,279.5600,58960
279.2750,279.5500,279.0500,279.5100,51663
278.9100,279.4500,278.8200,279.2760,71125
278.7900,279.2300,278.6900,278.8000,60205
279.1300,279.2000,278.7400,278.7900,46267
279.4900,279.5300,279.1400,279.1400,28168
279.4900,279.5300,279.2300,279.4100,36062
279.1600,279.5500,279.1600,279.5500,24539
279.0800,279.1200,278.9500,279.1000,33873
279.2000,279.2600,278.9700,279.0100,28697
279.3300,279.3900,279.0100,279.2500,72668
279.7050,279.7600,279.0100,279.3300,61345
280.1800,280.2720,279.7000,279.7050,47776
280.2810,280.2810,279.9600,280.1800,86645
280.5000,280.6000,280.2100,280.2100,55970
280.3450,280.7050,280.3450,280.4950,54550
280.5150,280.5800,280.3200,280.3200,65362
281.0100,281.0600,280.4700,280.5150,30691
280.5800,281.0300,280.4300,281.0300,31061
280.6300,280.7500,280.2860,280.5800,66289
280.5900,280.7350,280.5100,280.5900,56983
280.2150,280.6300,280.1800,280.6300,25901
280.0350,280.2600,279.9000,280.2150,24957
279.7700,280.2300,279.7450,280.0700,35820
279.6250,279.8400,279.6200,279.7700,39677
279.7300,279.7700,279.5900,279.6200,18924
279.6700,279.8300,279.5200,279.7500,33233
279.2150,279.6500,279.1600,279.6500,20364
279.6500,279.6500,279.2100,279.2100,33281
278.9600,279.6910,278.9600,279.6100,37106
279.5400,279.5400,278.9600,278.9600,65374
279.9050,279.9050,279.5000,279.5000,31354
279.4750,279.9300,279.4300,279.8500,40522
279.7290,279.7900,279.4200,279.4700,46341
279.6500,279.8550,279.6200,279.7400,21300
280.2380,280.2800,279.6100,279.6600,51954
280.3300,280.4200,280.1400,280.2100,31721
280.2950,280.5600,280.2950,280.3300,33087
280.5800,280.5800,280.0400,280.2300,48581
280.8100,280.8100,280.5500,280.6650,26474
280.9350,281.0000,280.7700,280.7700,19123
280.8800,281.1100,280.8800,280.9200,27590
280.7300,281.0500,280.6100,280.9400,21599
280.9700,281.1600,280.7300,280.7300,20841
280.9600,281.1600,280.7650,280.9250,41153
281.3900,281.3900,280.8900,280.9800,39336
281.3200,281.5500,281.2000,281.4100,72877
281.7150,281.7600,281.1700,281.2900,57991
281.4700,281.8690,281.4700,281.7050,43610
281.0300,281.4700,281.0300,281.4200,37842
281.3200,281.4800,280.9700,281.0400,30399
281.7900,281.8350,281.3200,281.3200,35982
281.9100,281.9100,281.7900,281.7900,41940
281.8650,282.0900,281.7800,281.8800,110638
281.8000,281.8700,281.6700,281.8500,46464
282.0150,282.1600,281.7700,281.8400,49033
282.3300,282.3300,281.7900,282.0050,75031
282.3200,282.5800,282.1400,282.4300,80538
282.6100,282.7700,282.1600,282.2850,51377
282.6100,282.9250,282.4800,282.6500,41227
282.9900,283.1700,282.6200,282.6200,37753
283.7250,283.7250,282.7500,282.9900,79257
283.4350,283.9400,283.2100,283.6200,47599
283.5300,283.6900,283.2000,283.4700,40023
284.6190,284.6200,283.3100,283.5200,47173
284.6800,284.8700,283.9700,284.5300,27803
285.2500,285.3900,284.4540,284.7350,56046
283.8000,285.3800,283.8000,285.1200,55561
284.8000,284.8000,282.5900,283.7900,161965
284.6000,284.8500,284.2900,284.7700,294725
284.5600,284.8900,284.4600,284.5750,117091
284.7700,285.0300,284.5300,284.6000,67379
285.1000,285.2300,284.7000,284.8000,53301
285.5600,285.6200,284.8850,285.1050,88108
285.7700,285.8700,285.4450,285.6300,34955
285.3500,285.9500,285.3300,285.7650,26806
285.5550,285.6800,285.1300,285.3000,65853
285.4450,285.5750,285.2900,285.5210,28164
285.1500,285.4300,285.0800,285.4200,29059
285.6400,285.9000,285.1000,285.1600,53951
285.7250,285.8050,285.5000,285.6350,34951
285.9400,286.0950,285.6900,285.7750,26228
286.3100,286.3300,285.8800,285.9360,21546
286.2800,286.6800,286.1800,286.2950,90577
285.9000,286.4000,285.9000,286.2800,57712
286.0950,286.2900,285.8410,285.9300,42176
285.8950,286.2000,285.7900,286.0400,24927
285.4400,285.8500,285.2600,285.8400,22242
285.6950,285.7900,285.1800,285.3850,33922
285.9570,286.1300,285.6900,285.6900,18281
285.6110,286.1470,285.5400,285.9800,49729
285.1200,285.5350,284.8900,285.5350,30105
285.0750,285.3000,285.0000,285.1300,22023
284.8170,285.0850,284.8170,285.0850,17910
284.9300,285.0800,284.7000,284.8600,38466
285.3970,285.5300,285.0000,285.0100,22668
284.9750,285.3500,284.9500,285.3500,23848
285.1500,285.1500,284.6800,284.9900,40679
285.1050,285.5000,284.9600,285.2000,43452
285.0800,285.2200,284.9500,285.0800,34752
285.1500,285.2200,284.9900,284.9900,31160
285.5470,285.6700,285.0600,285.1550,15771
285.9600,286.0700,285.4500,285.4500,46954
285.8800,286.1100,285.7500,286.1100,80241
285.8300,286.0500,285.4000,285.8800,77649
285.3950,285.8400,285.2600,285.8400,22842
285.7400,285.7700,285.2500,285.4200,32996
286.0300,286.0300,285.7000,285.7400,45045
285.8800,286.1200,285.6800,286.0600,43991
285.8400,285.9300,285.6900,285.8650,46193
285.2800,285.8400,285.2400,285.8400,90733
285.4900,285.5900,285.2000,285.2800,35599
285.2750,285.5600,285.1100,285.4150,32643
285.3100,285.6000,285.2100,285.2700,16419
285.7750,285.7750,285.0100,285.2200,20311
285.6700,285.8300,285.5000,285.7800,29152
285.8300,285.8300,285.4100,285.6200,36942
285.7200,285.9900,285.5900,285.8200,23655
285.0800,285.8800,285.0800,285.7200,28842
285.1700,285.3000,284.9540,285.1300,34024
285.1500,285.6500,285.1000,285.1000,45894
285.3800,285.4300,285.1100,285.1500,41732
285.7250,285.8650,285.3600,285.4900,52127
285.7400,285.9800,285.4100,285.7200,56499
286.5750,286.6700,285.6500,285.6900,48412
286.2400,286.7250,286.1900,286.5650,34606
286.4400,286.5050,286.2800,286.3500,24035
286.3900,286.5500,286.2700,286.4550,42840
287.0000,287.0500,286.4600,286.4710,29642
286.9200,287.0400,286.7200,286.9220,36642
286.6800,286.9600,286.6700,286.9600,18216
287.2200,287.2500,286.5350,286.7100,34220
286.7900,287.2100,286.6600,287.1320,30291
287.3400,287.4700,286.6840,286.6840,35102
286.1800,287.4000,286.1500,287.3300,40969
286.7100,286.9100,286.1300,286.2150,59828
286.4300,286.7800,286.2900,286.7450,42678
287.2200,287.2600,286.4000,286.4000,24014
287.3350,287.4300,286.5450,287.1000,79002
288.1600,288.3700,287.2400,287.3100,56299
288.0700,288.9800,288.0300,288.2680,43536
287.2700,288.1700,287.1600,288.0700,49605
288.3050,288.4000,287.2200,287.2200,67660
286.0000,288.4200,286.0000,288.2700,65756
287.3900,287.6400,285.5500,285.9200,100471
288.2600,288.7400,286.4600,287.3000,258161
289.9700,290.5000,287.8650,288.0950,517359
294.0700,294.2300,293.5700,293.7300,297028
294.4200,294.5300,294.0100,294.0600,109162
294.6500,294.6750,294.3200,294.3700,61468
295.0500,295.0500,294.6100,294.6450,42237
294.5700,295.1290,294.5400,295.0150,40433
294.5200,294.8400,294.3200,294.5900,39385
294.5200,294.8100,294.3700,294.5800,47631
294.5200,294.5200,294.2000,294.4600,40380
294.3400,294.5600,294.2200,294.5250,54305
294.1950,294.4100,293.9300,294.3800,35994
294.4600,294.5800,294.1800,294.1950,35997
294.2300,294.5700,294.0800,294.5100,39158
294.7400,294.7400,294.1400,294.2300,29657
294.9000,294.9600,294.6300,294.7000,34218
294.7400,294.8960,294.5100,294.8300,27502
294.3900,294.9400,294.3300,294.7400,25468
294.6900,294.7300,294.2900,294.4650,23704
294.4700,294.8700,294.4100,294.6300,32065
294.2850,294.6700,294.2850,294.4500,19387
294.3200,294.4000,294.1200,294.3900,21496
294.5050,294.6300,294.2050,294.3500,27322
294.1700,294.5900,294.0800,294.5800,29333
294.1600,294.3200,294.0700,294.1600,25818
294.4500,294.5200,294.0600,294.2400,28871
294.7300,294.7300,294.4200,294.4200,20230
294.5500,294.9200,294.4900,294.6600,20436
294.9250,295.0100,294.5600,294.6100,25447
294.9350,295.0100,294.6500,294.9500,24953
295.1200,295.1800,294.6700,294.9800,31685
295.5900,295.6200,295.1200,295.1200,17322
295.0350,295.5700,295.0300,295.5650,24723
294.8200,295.3900,294.7300,295.0600,16993
295.0100,295.2900,294.7150,294.8650,26141
295.2450,295.4900,295.0300,295.1600,37749
295.3300,295.5400,295.1100,295.2300,11927
295.4300,295.5000,294.8850,295.2300,24908
295.3640,295.6200,295.3400,295.5250,17681
295.1600,295.4700,294.9900,295.4100,15136
295.0450,295.3300,295.0450,295.1000,13780
295.2500,295.4000,295.0050,295.0450,21895
295.2150,295.2600,294.7400,295.1900,19849
295.0000,295.3150,294.6600,295.1500,54185
295.2200,295.2800,294.8400,294.9900,28853
295.3100,295.3400,295.0400,295.2200,27213
295.9900,296.1000,295.2500,295.3750,50747
294.9400,295.9000,294.9200,295.8500,69488
294.1970,294.9400,294.1700,294.9400,20326
294.4000,294.4000,293.9800,294.0400,19049
294.6400,294.6800,294.3900,294.4550,13349
294.3800,294.5500,294.0500,294.4550,22587
294.5000,294.5400,294.2350,294.3150,23592
294.3050,294.5600,294.2300,294.5600,15104
293.5450,294.3500,293.5450,294.3500,27176
293.3700,293.5200,293.2000,293.4950,39793
293.5050,293.5300,293.3000,293.3600,23474
293.2100,293.5200,293.1250,293.5050,21464
293.0600,293.4300,292.8400,293.1400,58083
293.1300,293.3300,293.0400,293.0600,27862
293.3610,293.3610,292.9900,293.1800,23255
293.5650,293.8000,293.3300,293.3650,32209
293.4900,293.5910,293.2600,293.5650,45108
293.7300,293.9900,293.3200,293.4200,70983
293.3600,293.7300,293.0300,293.6150,57463
293.3800,293.6950,293.1300,293.3900,39661
294.0850,294.1400,293.3600,293.3600,38196
293.9400,294.5800,293.9200,294.1600,82880
293.9150,293.9300,293.6900,293.9300,22274
293.8500,293.9400,293.4900,293.9400,48316
293.6500,293.9800,293.5900,293.9100,41282
293.1200,293.8450,293.0500,293.6300,51647
293.1900,293.6200,292.6800,293.0450,41745
291.1600,293.4400,291.1600,293.2600,70493
291.4150,291.7900,291.0100,291.1700,75260
291.9420,292.2480,291.2400,291.3200,88148
292.1900,292.3800,291.8600,291.8600,72869
291.8950,292.4000,291.2200,292.0200,74672
293.5000,293.5000,291.5600,291.7300,82318
294.1500,294.5750,291.6200,293.4250,105534
296.9750,297.7900,296.8200,297.7800,232129
296.6400,297.2800,296.6100,296.9850,92610
296.5450,296.7300,296.4200,296.5700,74648
296.6500,296.6800,296.4300,296.5450,71066
296.4800,296.7350,296.4100,296.6450,45427
296.4700,296.6500,296.4500,296.4800,57253
296.7200,296.8500,296.4650,296.4900,28084
296.5900,296.7500,296.4400,296.6500,36268
296.5100,296.6100,296.3500,296.5300,46483
296.6750,296.6900,296.3700,296.5100,36257
296.1700,296.6650,296.0500,296.6650,64477
296.3100,296.3600,296.0500,296.1700,45069
296.6000,296.6700,296.3500,296.3500,28682
296.7550,296.7900,296.6300,296.6400,14651
296.8300,296.9500,296.6550,296.7550,23466
296.4350,296.8800,296.3200,296.7650,29997
295.9700,296.4300,295.9110,296.4250,31731
295.9900,296.0400,295.8300,295.9350,33766
295.9900,296.0900,295.9200,295.9900,18936
296.0900,296.1550,295.9800,296.0250,24279
296.3300,296.3600,296.0850,296.1150,18601
296.2500,296.4900,296.2300,296.3700,49338
296.1800,296.2950,296.0500,296.2400,47122
295.9600,296.1500,295.9300,296.1200,29293
296.1250,296.1250,295.8200,295.9600,23255
296.2900,296.3140,296.0100,296.1100,21670
296.5800,296.5800,296.2750,296.3000,22349
296.6600,296.7600,296.5400,296.6100,22102
296.7610,296.7610,296.6600,296.7000,21932
296.5000,296.8600,296.4250,296.7230,25493
296.6300,296.6900,296.5150,296.5200,18806
296.8100,296.8100,296.6200,296.7210,14662
297.1850,297.2200,296.8200,296.8200,11262
297.1490,297.2200,297.0400,297.1800,12969
296.5600,297.1800,296.4910,297.1800,18361
296.8100,296.8100,296.4700,296.5300,17605
296.8100,296.9300,296.6700,296.8400,21725
297.0000,297.0900,296.8200,296.8700,13623
297.1320,297.1900,296.9700,297.0400,21217
297.1100,297.1600,297.0100,297.1400,11971
297.2150,297.2600,297.0300,297.1200,21056
297.2600,297.3160,297.1600,297.2000,17887
297.2850,297.3500,297.1700,297.2600,11923
296.6600,297.3300,296.6050,297.2850,18273
296.6600,296.8700,296.5800,296.6600,22961
296.8350,296.9300,296.6170,296.7000,15170
296.7800,296.8500,296.6000,296.8500,25270
297.1800,297.1800,296.7300,296.7800,25052
297.3800,297.4100,297.1500,297.1900,14023
297.6000,297.6000,297.3500,297.3900,16045
297.6700,297.8700,297.5700,297.6200,17869
297.5650,297.9600,297.5650,297.6600,22559
297.6920,297.6920,297.2500,297.5650,33760
298.1100,298.2240,297.6500,297.6500,35524
297.8650,298.2000,297.8500,298.0850,25100
297.7400,297.9100,297.7400,297.8550,19561
297.9250,297.9600,297.7350,297.8200,31509
298.0500,298.1150,297.9300,297.9300,23706
298.0400,298.1500,297.9200,298.0000,17862
298.3350,298.3820,297.9300,298.0400,26363
298.4700,298.5500,298.2200,298.2800,31775
298.9150,298.9150,298.3790,298.4900,27823
298.6550,298.9600,298.6000,298.9150,30340
298.1400,298.7050,298.1400,298.6300,21794
298.2500,298.3750,298.0600,298.2800,34187
297.8600,298.4350,297.8550,298.3600,39560
297.9050,297.9200,297.6150,297.8550,20876
297.8450,297.9200,297.6100,297.7800,24786
298.0200,298.1500,297.6700,297.8900,52348
298.3800,298.7000,298.1100,298.1100,31130
298.4800,298.7400,298.2750,298.5500,24095
298.7650,299.0110,298.4500,298.4500,30492
299.4950,299.6100,298.6500,298.7600,28120
299.5800,299.6700,299.0500,299.3800,40756
297.7300,300.3200,297.4000,299.5800,210511
298.0750,298.1100,297.5000,297.8200,33885
298.4700,298.8900,297.9250,298.0000,65307
299.3700,299.8400,297.7400,298.6650,143856
300.8600,300.9900,300.4300,300.9900,159083
300.4000,300.8500,300.3400,300.8500,66525
300.4700,300.7200,300.3350,300.4000,53422
301.1750,301.1850,300.4800,300.5200,55425
301.1200,301.3200,300.9600,301.1750,40737
300.7700,301.2450,300.7600,301.1150,35434
301.0400,301.1500,300.6900,300.7950,26926
301.2700,301.2700,301.0500,301.0600,20200
301.1900,301.2460,301.0900,301.2350,22735
301.0500,301.3100,301.0500,301.1900,16640
301.0300,301.1500,300.9750,301.0300,17887
301.1900,301.1900,300.7200,300.9550,38746
301.4800,301.4800,301.1400,301.1700,16297
301.5960,301.6750,301.3900,301.4800,12301
301.2500,301.6400,301.2500,301.6400,11104
301.5060,301.5060,301.1900,301.2500,15882
301.3600,301.4600,301.3000,301.4600,11369
301.4540,301.6900,301.3800,301.3900,13882
301.3400,301.4400,301.3000,301.4400,27049
301.7700,301.7800,301.3700,301.3700,13485
301.4950,301.8000,301.4600,301.7150,12665
301.5900,301.5900,301.3900,301.5400,21855
301.4450,301.5950,301.4100,301.5900,13569
301.3500,301.5020,301.3200,301.4450,18767
301.3850,301.4800,301.2400,301.3800,11525
301.2400,301.4000,301.2160,301.3700,16231
301.2150,301.3000,301.1400,301.2950,16521
301.5100,301.5440,301.1800,301.2100,19344
301.6400,301.7500,301.4400,301.5500,11821
301.9560,301.9700,301.4900,301.5550,19820
301.9500,302.1300,301.8400,301.9200,28435
301.8800,302.0170,301.8400,301.8500,9149
301.7510,302.0700,301.7510,301.8400,14274
301.7000,301.8500,301.5000,301.8400,24622
301.5700,301.7900,301.5700,301.6700,14331
301.7800,301.8300,301.5700,301.5750,13461
301.9300,302.0150,301.7200,301.8350,15826
301.8350,302.0100,301.8100,302.0050,11755
301.9050,301.9050,301.6800,301.8400,16774
301.9950,302.0800,301.8350,301.9500,17707
302.2200,302.2200,301.9800,301.9800,17678
302.2200,302.3100,302.1500,302.2550,14071
302.2450,302.3900,302.1500,302.2600,12176
302.2700,302.6900,302.2200,302.2450,30637
302.7200,302.7200,302.2400,302.3000,19075
302.7400,302.7800,302.6340,302.7700,13586
302.9400,302.9400,302.7100,302.8250,10333
302.9000,303.0000,302.6500,302.9800,32932
303.2000,303.2000,302.9090,302.9090,9640
302.9100,303.1400,302.8200,303.1400,17047
302.6510,302.9900,302.4800,302.9100,14463
302.5000,302.8100,302.3800,302.7250,8661
302.9400,302.9400,302.4300,302.4400,23169
303.0600,303.1240,302.7500,302.9700,15634
303.3000,303.3600,303.0500,303.0500,8412
303.6700,303.6700,303.2700,303.3000,12142
303.5000,303.9800,303.4600,303.5100,41825
303.4700,303.5600,303.4200,303.4600,18638
303.4600,303.5190,303.1800,303.4500,13539
302.7800,303.5450,302.6900,303.4950,17996
302.7900,302.8450,302.5800,302.7350,15438
302.8900,302.9000,302.6300,302.7900,9990
302.6300,302.9500,302.4900,302.9500,20029
303.0200,303.2000,302.6000,302.6300,23836
303.3950,303.4500,302.9400,302.9600,24197
303.3100,303.4700,303.2400,303.4700,14688
303.4500,303.5600,303.1900,303.3100,24086
303.2400,303.5400,303.0600,303.5200,15590
303.3260,303.5700,303.1200,303.2200,13677
303.7400,303.7400,302.9650,303.2200,16739
303.6500,303.9500,303.4100,303.6800,30015
304.4000,304.8550,304.0200,304.0200,21605
304.3400,304.3900,304.1100,304.2850,17819
304.8000,304.9800,304.2600,304.2800,17000
305.2100,305.7100,304.5700,304.8700,37449
305.6650,305.8300,305.0500,305.2300,16960
307.2000,307.2300,305.6400,305.6400,16538
306.8900,307.4600,306.3000,307.3200,36293
305.5600,306.1200,305.5100,305.9900,193876
306.1000,306.2090,305.1400,305.5700,55387
306.4550,306.4600,305.9690,306.0800,37510
306.3550,306.5700,306.1650,306.4550,44084
306.1900,306.3300,306.1700,306.2900,22221
306.5190,306.5450,306.0000,306.1900,27490
306.2400,306.5300,306.2400,306.4600,20558
306.6000,306.7230,306.2200,306.2200,24108
306.3900,306.6820,306.3100,306.5200,18262
306.1750,306.4000,306.0750,306.4000,17346
305.8500,306.2400,305.8260,306.2400,16021
305.7850,306.0700,305.7200,305.8050,27845
305.4350,305.8400,305.4350,305.8350,9578
305.5650,305.6200,305.4200,305.4420,36068
305.6700,305.7300,305.4570,305.5600,22426
305.6700,305.7500,305.5300,305.6350,13541
305.4650,305.7500,305.0100,305.7500,33283
305.3700,305.5700,305.1500,305.4000,20967
305.3000,305.6250,305.3000,305.4550,15664
305.2400,305.5300,305.2400,305.2950,11531
305.5350,305.5350,305.2500,305.3000,44193
305.3100,305.5700,305.2630,305.5700,14016
304.7700,305.2350,304.6900,305.2350,18685
304.9800,305.1100,304.5600,304.5600,21370
305.3920,305.4100,304.9900,305.0000,17325
305.2100,305.3600,305.0020,305.2000,9365
305.2300,305.4250,305.0900,305.1000,15765
305.8500,306.1100,305.2300,305.2300,29581
306.0100,306.0500,305.6550,305.8500,24810
306.0400,306.1100,305.5650,306.0100,25221
306.1000,306.1100,305.9400,306.1100,6105
306.3100,306.3100,306.0700,306.1650,7152
306.6050,306.6050,306.3100,306.3100,8372
306.5000,306.5900,306.3990,306.5900,6628
306.2200,306.7800,306.2100,306.3800,13288
306.3500,306.6200,306.1700,306.3200,16635
306.3600,306.6800,306.2200,306.4000,19702
305.9000,306.3700,305.7850,306.3700,18272
306.5400,306.5400,305.8530,305.9550,9103
306.8950,306.9300,306.4550,306.5150,7480
306.8100,307.0000,306.6600,306.9000,21378
306.9500,306.9990,306.8300,306.8300,11060
307.0200,307.1050,306.8550,306.9270,12911
306.6650,307.2200,306.6650,307.1000,28371
306.7800,306.7800,306.5800,306.6200,8564
306.7600,306.8600,306.7500,306.8600,8721
306.9900,306.9900,306.6500,306.8300,29577
306.9950,307.0900,306.9100,306.9100,4249
307.1200,307.2850,307.0400,307.1800,13818
307.2200,307.3000,307.0400,307.0400,7712
307.1700,307.2700,307.1200,307.2500,4301
307.0700,307.2600,307.0600,307.1700,6944
307.1250,307.2330,306.7500,307.1430,26906
307.2700,307.3600,307.0500,307.1500,5337
307.4120,307.4500,307.3300,307.4500,5978
307.3600,307.4300,306.9500,307.4300,11934
307.1600,307.4600,307.1400,307.3500,15623
307.3600,307.4200,307.1000,307.2700,9944
307.3850,307.3850,307.0400,307.3550,10951
307.0700,307.5300,307.0300,307.4900,15778
307.1300,307.4500,306.6700,307.1750,29068
307.3900,307.3900,307.1350,307.1350,8389
307.6750,307.6750,307.3700,307.4350,10814
307.8850,308.2200,307.6500,307.6500,25407
307.0750,307.8900,307.0700,307.8850,21608
307.1400,307.1800,306.8950,307.0100,12196
307.0200,307.1300,306.8900,307.0700,8269
307.3000,307.3000,306.8200,307.0300,19451
307.3760,307.4700,307.1400,307.3000,12482
307.5000,307.6500,307.2700,307.3300,11951
306.4400,307.3300,306.2400,307.3300,32891
306.5000,306.8500,306.1000,306.2900,21807
305.9700,306.9550,305.8500,306.9550,25844
306.4150,306.8000,305.5130,305.9450,60823
307.1500,307.1500,306.0000,306.4250,34918
306.9750,307.3870,306.7500,307.1850,25126
307.5500,307.5500,306.5100,306.9100,43880
310.1400,310.9900,307.4800,307.4800,77926
306.8600,307.1800,306.6800,307.1000,157104
306.6300,306.8800,306.1300,306.8200,68018
306.8550,307.0800,306.5300,306.5300,37120
307.1900,307.2400,306.8500,306.8600,24281
307.2900,307.3800,307.2000,307.2000,26638
307.0100,307.5500,306.9700,307.3400,21088
306.9700,307.0000,306.8550,306.9750,16081
306.6200,306.9800,306.6200,306.9450,18219
306.6850,307.0050,306.4500,306.5580,22914
306.4200,306.7100,306.4200,306.6700,22651
306.2350,306.4700,306.2350,306.4700,15745
306.3750,306.4220,306.1900,306.2350,26747
306.3200,306.4200,306.2600,306.4100,15959
306.5100,306.5800,306.2620,306.3400,15303
306.2500,306.5300,306.2100,306.5250,11737
306.2100,306.3040,306.1100,306.2980,13378
305.9680,306.2600,305.9200,306.2000,15051
305.9600,306.1300,305.8600,305.9800,18577
306.1200,306.1800,305.9700,306.0100,10117
306.5050,306.5050,305.9600,306.2200,11984
306.5300,306.6000,306.3370,306.5000,13701
306.5300,306.5800,306.4670,306.4800,17163
306.6300,306.6900,306.5000,306.5800,8279
306.9600,306.9600,306.1200,306.5050,17411
307.0800,307.0800,306.8400,306.9900,11654
307.0200,307.1250,307.0200,307.0550,13729
306.7800,307.0600,306.7500,307.0250,14168
306.7600,306.8900,306.7200,306.7800,18845
307.4340,307.4340,306.6400,306.8200,15112
307.4200,307.6300,307.3100,307.3500,26475
307.3800,307.5900,307.3000,307.4650,12175
307.8200,307.9400,307.3700,307.4400,13072
307.9900,307.9900,307.7800,307.9300,12838
307.8480,307.9980,307.8480,307.9750,4929
308.0400,308.0400,307.8000,307.8800,7002
307.8250,308.0450,307.7500,307.9800,22702
307.8400,307.8900,307.7200,307.8800,4189
307.8800,307.9000,307.7000,307.8100,5490
308.0550,308.0550,307.8000,307.8720,8524
307.9890,308.0490,307.9600,308.0100,5525
308.0200,308.0600,307.8200,307.9900,12308
308.0900,308.1500,307.9880,308.0350,5714
307.8300,308.1300,307.8050,308.1000,10206
307.5400,307.8200,307.4600,307.8200,10550
307.5000,307.6100,307.5000,307.5300,13007
307.4400,307.5500,307.3900,307.4950,11709
307.3200,307.4250,307.2700,307.4050,12353
307.3250,307.3800,307.1000,307.3100,14714
307.1200,307.3840,307.0400,307.3800,10784
307.3350,307.3360,307.1000,307.1000,16129
307.4400,307.4700,307.1600,307.3350,19345
307.3500,307.5950,307.3300,307.4000,18834
307.5990,307.6000,307.3200,307.3400,12132
307.1900,307.5900,307.1400,307.5900,14606
306.9350,307.5600,306.9350,307.2750,19814
306.9300,307.1000,306.9050,307.0400,11277
307.2400,307.2400,306.9000,306.9300,9185
307.1600,307.2550,307.1200,307.1500,13092
307.1700,307.3700,307.1100,307.1100,13607
306.7500,307.1850,306.7400,307.1600,25298
306.8300,306.9100,306.5300,306.7150,18064
306.6500,306.8700,306.6400,306.7800,14271
306.6300,306.8450,306.4900,306.5000,16374
306.9500,307.3000,306.5650,306.5800,32242
307.7400,307.7400,306.9500,306.9500,15323
307.9630,308.1900,307.7030,307.8000,22881
307.7890,308.0500,307.7890,308.0400,37302
307.5600,307.7900,307.2600,307.7900,33997
307.7750,307.7750,307.3500,307.5150,27260
306.6000,307.7500,306.6000,307.7400,37204
305.9150,306.7900,305.9150,306.7500,29097
305.8350,306.1500,305.4500,305.8550,19056
306.0200,306.1950,305.8200,305.8350,21147
306.0000,306.3600,305.7600,305.9500,33064
305.4300,305.9680,305.1700,305.8900,20745
305.6900,305.8400,305.2400,305.2400,17737
305.2800,305.8600,305.2800,305.6900,13303
303.9600,305.1000,303.6900,305.1000,62498
304.2450,304.3400,303.3000,303.8400,174741
304.0100,304.2200,303.8400,304.2200,36146
304.0150,304.2300,303.9000,304.0100,27751
304.0350,304.1300,303.9200,304.0150,18680
304.0000,304.2000,304.0000,304.0550,27934
303.9200,304.0400,303.8850,303.9800,13935
303.8000,303.9500,303.7100,303.9200,13556
303.9800,304.0700,303.7100,303.7650,15582
304.0500,304.1200,303.9710,304.0250,14266
303.8300,304.2300,303.7800,304.0100,25123
303.6920,303.8300,303.6100,303.7300,13957
303.6100,303.7600,303.6100,303.6800,9796
303.7000,303.7500,303.5100,303.6680,19745
303.7100,303.7250,303.6000,303.6700,6869
303.6410,303.8200,303.6400,303.7200,10817
303.6400,303.7300,303.5900,303.6500,8495
303.9300,303.9800,303.6000,303.6000,13771
303.9400,304.1240,303.9350,303.9800,17617
303.8000,303.9600,303.8000,303.9600,5980
303.5500,303.6300,303.4300,303.6050,17092
304.0000,304.0200,303.5600,303.5600,11475
303.9700,304.0100,303.8370,303.8800,10763
303.8900,304.0000,303.8900,303.9450,8280
303.8790,303.9780,303.8300,303.9200,10372
303.7460,303.9460,303.6900,303.9460,10503
303.7500,303.7800,303.5850,303.7400,9128
303.6500,303.7500,303.5700,303.6940,15558
303.5700,303.9020,303.5700,303.6400,16975
303.6200,303.6200,303.4650,303.4900,6213
303.5000,303.5990,303.4100,303.5990,11666
303.0500,303.4300,303.0300,303.4300,8229
303.5000,303.5250,302.9600,303.0250,13867
303.4900,303.6050,303.4900,303.6050,3408
303.8100,303.8100,303.4350,303.4700,10362
303.9000,303.9750,303.7500,303.7500,9138
303.8700,303.9000,303.8000,303.8700,5728
303.8600,303.9600,303.8400,303.8400,9483
303.9150,304.0700,303.8700,303.8700,10020
303.9000,304.0200,303.8800,303.8800,9367
303.8900,303.9390,303.7500,303.8700,7887
303.7600,303.7800,303.6300,303.7600,4521
303.9600,304.0800,303.8000,303.8150,10019
303.7900,304.0800,303.7500,303.9200,14069
303.9500,303.9500,303.6900,303.7800,13825
304.1200,304.1900,303.9400,303.9400,8905
303.9200,304.3900,303.9200,304.1700,9134
304.1400,304.2300,304.0000,304.0000,9271
304.2200,304.3400,304.1100,304.1100,12998
304.4350,304.4350,304.1450,304.1800,8468
304.6350,304.6600,304.3450,304.5500,7039
304.7500,304.7500,304.4000,304.6590,8454
305.0100,305.0100,304.6750,304.8000,13419
304.9800,305.0910,304.9340,305.0400,7572
305.1250,305.1300,304.9240,305.0000,12564
305.1100,305.2400,304.9900,305.0800,10063
305.0700,305.2300,305.0100,305.1900,17940
305.1480,305.1600,304.9800,305.0200,14638
305.0550,305.2100,304.9700,305.1400,9863
305.0900,305.1300,305.0000,305.0750,14532
305.0200,305.1700,304.7100,305.0400,15992
305.0950,305.1700,304.9600,305.0400,11833
305.2100,305.2100,304.9100,305.0300,15196
305.6100,305.6900,304.9470,305.1400,34529
305.4250,305.7700,305.3500,305.6800,14619
305.1000,305.4400,305.0500,305.3550,16816
305.0700,305.1900,305.0000,305.1900,7607
305.2200,305.2800,304.9700,305.1100,19604
305.1600,305.3700,305.0000,305.1750,21364
305.3100,305.3200,304.9700,305.1300,17705
305.4600,305.5400,305.1450,305.2600,14079
305.5700,305.7500,305.2950,305.2950,12073
305.1700,305.6500,305.1700,305.4250,28600
305.6000,305.7400,305.0300,305.1930,40665
305.6500,305.9650,305.5000,305.7500,15104
306.6700,306.6700,305.3000,305.6130,14949
306.1700,306.7300,306.0100,306.6200,17475
305.9800,307.0800,305.9800,306.4000,20384
306.7900,307.1500,305.4550,306.0600,101255
306.3000,306.3200,305.6100,305.8500,195678
305.8800,306.3000,305.7700,306.2550,57756
306.0500,306.0700,305.5600,305.8050,95050
306.2700,306.3100,306.0200,306.0500,36230
306.1900,306.3000,306.1750,306.2700,25234
306.1250,306.1600,305.9550,306.1500,17057
306.0500,306.1200,305.9800,306.1000,13369
305.9600,306.0600,305.6700,306.0550,41143
305.7700,306.0050,305.5950,305.9600,24553
305.9400,306.0380,305.8000,305.8000,24322
305.9200,306.1400,305.9100,305.9700,26453
306.0400,306.0450,305.8900,305.9650,48348
306.1100,306.1200,305.9250,306.0400,15379
306.4500,306.4850,306.0300,306.1200,16047
306.7480,306.7480,306.4500,306.4510,9977
306.6300,306.8100,306.6000,306.6930,9510
306.7200,306.8200,306.5800,306.6550,8538
306.5150,306.7600,306.5150,306.6900,44392
306.4100,306.5400,306.2700,306.5250,13129
306.1700,306.5350,306.1700,306.4600,12458
306.3500,306.3500,306.0850,306.2050,10906
306.2100,306.3100,306.1800,306.2450,6960
306.4900,306.5300,305.9900,306.2600,18409
306.5400,306.6200,306.4900,306.4900,34751
306.5400,306.6050,306.4950,306.6050,7148
306.4400,306.5900,306.3800,306.5850,13031
306.5100,306.5900,306.4400,306.4400,10806
306.3500,306.7900,304.6950,306.5000,11419
306.4500,306.4500,306.2100,306.3200,12124
306.7950,306.7950,306.4100,306.4400,35173
307.0200,307.0350,306.7500,306.7950,16088
306.8800,306.9950,306.8350,306.9900,10755
306.7900,307.0700,306.7800,306.9200,12756
306.7600,306.8400,306.5700,306.7850,13522
306.6950,306.8200,306.6400,306.7900,13396
306.5450,306.6800,306.4650,306.6800,38461
306.4400,306.6580,306.3650,306.5550,19443
306.4100,306.5600,306.4100,306.4750,5621
306.3300,306.4500,306.2450,306.3700,40744
306.1200,306.4300,306.1200,306.3850,9297
306.2200,306.2200,305.8900,306.1400,11797
306.1200,306.4100,306.0300,306.2900,36116
306.2400,306.2900,306.0600,306.1200,17707
306.2950,306.3300,306.2000,306.2300,11716
306.1900,306.3900,306.1900,306.3000,18771
306.0800,306.2400,306.0300,306.2200,13314
305.9400,306.0800,305.8400,306.0800,11480
305.6650,306.0600,305.6650,306.0600,40326
305.8000,305.8400,305.5900,305.6700,8579
305.9350,306.0700,305.7400,305.8400,15090
305.6650,306.0000,305.6000,306.0000,12718
306.0000,306.0600,305.5700,305.6600,37533
305.9600,306.2100,305.9300,305.9950,37282
306.0700,306.1700,305.8800,306.0000,18706
305.9300,306.0500,305.6900,306.0300,13186
305.9380,305.9380,305.7300,305.8550,8368
305.5250,306.0400,305.4700,305.8650,21715
305.3750,305.5790,305.2900,305.5790,17332
305.0100,305.3800,305.0100,305.3440,12129
305.4550,305.4550,304.8650,305.0000,26025
305.4400,305.5600,305.3600,305.4550,14695
305.3600,305.4900,305.3050,305.4900,13961
305.3700,305.5500,305.2550,305.4200,16017
304.7400,305.3250,304.7050,305.3250,13321
304.7100,304.8700,304.6400,304.7050,10486
304.8000,304.9600,304.5800,304.7800,40909
304.7300,304.9600,304.3500,304.9600,28390
304.8650,304.9600,304.6300,304.7100,13638
305.3500,305.3500,304.8100,304.8920,21831
305.2550,305.6600,305.1950,305.2700,13174
305.1000,305.4710,304.8800,305.2250,19153
304.2450,305.5500,304.2450,305.1500,86734
304.4100,304.4100,304.0700,304.2450,21672
303.8400,304.5000,303.8400,304.4600,9769
304.0000,304.3500,303.6700,303.9950,35054
302.9800,303.9930,302.6030,303.7700,133130
302.4200,303.3900,301.6100,303.1800,72246
303.5100,303.5100,301.7900,302.4250,57024
303.4300,303.8300,303.1700,303.7300,271660
303.2400,303.4800,303.1650,303.4550,76647
303.0400,303.4500,303.0400,303.2750,51590
303.7100,303.7400,303.0300,303.0400,41021
303.4250,303.8000,303.3400,303.8000,33728
303.1300,303.4900,303.0300,303.4200,30877
303.1000,303.1500,302.9200,303.1500,26756
302.9200,303.3100,302.7700,303.1300,59442
302.6000,302.9300,302.4600,302.9200,26607
302.0400,302.6100,302.0400,302.6000,22606
301.9600,302.0400,301.8300,301.9800,30757
301.7450,301.9600,301.5200,301.9600,28849
301.7300,302.0800,301.7000,301.7700,70788
301.6100,301.7800,301.5500,301.7200,26249
301.5000,301.8640,301.5000,301.6500,29628
301.3550,301.5600,301.3100,301.5500,18439
301.4800,301.5200,301.2600,301.3700,18771
301.2100,301.5850,301.2100,301.4800,18892
300.9600,301.3100,300.8100,301.2150,29637
301.3300,301.3400,300.8600,300.9600,18888
300.8800,301.3400,300.7600,301.2100,28196
300.3850,301.3150,300.3400,300.8800,33180
300.4100,300.8200,300.2300,300.4180,29471
300.1000,300.5600,300.0100,300.4000,163477
300.2500,300.4800,300.0400,300.1050,29686
300.3700,300.4900,300.2000,300.2100,25621
300.5500,300.6510,300.2500,300.3300,34739
300.9550,301.0300,300.4100,300.4600,18341
300.8200,301.2500,300.8100,300.9700,30945
300.7300,301.1700,300.7300,300.8100,35541
300.7700,300.9000,300.6700,300.6900,44274
301.0700,301.1300,300.7600,300.7600,30437
301.1200,301.1900,300.9900,301.0200,24923
301.2900,301.2930,301.1000,301.1200,19505
301.3900,301.3900,301.2500,301.2900,17487
301.1100,301.5850,301.1100,301.3200,26703
301.0200,301.3500,301.0200,301.1100,28016
301.0800,301.2240,301.0200,301.0500,23605
301.0500,301.1600,300.7200,301.0000,43997
301.3500,301.4200,301.0100,301.1450,22244
301.7250,301.7740,301.2300,301.2900,31041
301.4800,302.1100,301.4500,301.6600,58937
301.2700,301.5900,301.1900,301.4600,62466
301.9100,301.9100,301.2100,301.2500,34094
301.7800,302.0200,301.6700,301.8900,28377
301.9980,302.1000,301.7900,301.8500,11653
302.0100,302.1400,301.6500,301.9700,27721
301.9300,302.2200,301.8700,302.0250,23016
301.9800,302.2500,301.5600,301.9300,37993
301.5350,301.9150,301.4900,301.9150,35569
301.7200,302.0000,301.4500,301.5500,32754
301.8600,302.0300,301.6900,301.7200,24409
302.0600,302.2900,301.7150,301.8600,28156
301.6500,302.0600,301.4300,302.0250,63537
301.5030,301.6500,300.6200,301.5700,87660
302.1900,302.4800,301.4300,301.4300,72907
302.6000,302.6100,302.1000,302.1700,35888
302.5600,302.8400,302.1300,302.6650,59408
302.9750,303.0700,302.5300,302.5900,33483
303.2900,303.6850,302.9300,302.9400,39221
303.3700,303.5200,303.0200,303.3100,43963
303.3700,303.9400,303.2400,303.3650,49354
303.2500,303.4700,303.1900,303.3600,139965
303.0800,303.2900,302.9800,303.2500,77845
303.1800,303.3100,302.9900,303.0800,23412
302.3400,303.1800,302.1400,303.1600,59355
302.9800,303.3300,302.0300,302.4000,92405
303.2500,303.6700,302.8500,303.0500,23260
303.0900,303.3700,302.3300,303.1800,59302
303.1600,303.3600,302.8050,303.1750,42108
303.2500,304.1000,302.8300,303.2600,54951
303.6600,304.1600,302.7890,302.9950,66321
303.1900,303.8400,302.9200,303.6600,72072
304.2750,304.2800,303.0600,303.1800,56237
303.6900,304.3800,303.1900,304.2750,56401
305.2550,305.3700,303.2500,303.6700,42775
306.2000,306.7500,305.3000,305.3000,41008
309.7400,310.0000,305.7650,306.1700,138633
308.7800,308.7850,307.9100,308.0000,127764
308.7100,309.1900,308.7100,308.8400,49387
308.6100,308.9100,308.6100,308.6900,37625
308.3200,308.7250,308.2500,308.6500,31136
308.8500,308.8800,308.2500,308.2850,32255
308.9100,309.0000,308.6510,308.8500,21578
308.9200,309.1800,308.9030,308.9500,28889
308.9500,309.0050,308.8500,308.9350,31082
309.0300,309.0800,308.8450,308.9200,23018
308.5900,309.0650,308.5700,309.0400,19346
308.5200,308.5500,308.3250,308.5300,15875
308.5800,308.5800,308.3700,308.5150,11367
308.5000,308.6800,308.5000,308.6150,13943
308.0700,308.3800,308.0600,308.3230,17608
307.9300,308.2600,307.9300,308.1300,13913
307.5000,307.9300,307.4950,307.8800,16815
307.7200,307.7900,307.3500,307.4990,16884
307.5710,307.7900,307.4900,307.7200,14388
307.7300,307.7300,307.2800,307.5000,18885
307.6000,307.8350,307.5900,307.7300,16359
307.4950,307.6300,307.4100,307.5360,28709
307.7500,307.8500,307.5000,307.5000,12531
308.0650,308.1000,307.7700,307.7900,11715
308.1050,308.2700,308.0600,308.1050,12081
308.1250,308.3300,308.0100,308.0800,14707
308.1400,308.3700,307.9800,308.1300,13929
307.8850,308.1500,307.8700,308.1500,13425
307.5600,307.8300,307.5200,307.8300,12592
307.6600,307.7100,307.4900,307.5100,8346
307.6300,307.8060,307.4500,307.6600,16209
308.0400,308.0400,307.5800,307.5800,9318
308.0930,308.3300,307.8600,308.0500,13608
307.5700,308.1800,307.5600,308.0000,28897
307.1650,307.5900,307.1600,307.5100,27654
306.9700,307.1750,306.7500,307.1750,21036
307.2500,307.2550,306.8500,307.0100,17269
307.5500,307.5650,307.2200,307.2200,18557
307.3500,307.5900,307.3500,307.5400,8399
307.3000,307.5000,307.2100,307.3600,17092
307.3900,307.4100,307.1700,307.3000,11696
307.6100,307.6100,307.2800,307.3900,10788
307.5400,307.6950,307.2700,307.6100,20745
307.7900,307.7900,307.5300,307.5300,10603
308.2400,308.2400,307.6720,307.7900,14389
308.2910,308.5600,308.2600,308.2600,10208
308.5400,308.5500,308.2850,308.4300,20758
308.7500,308.7500,308.4900,308.6000,6785
309.1850,309.2600,308.6800,308.7500,31304
309.1900,309.3200,309.1500,309.2700,14314
309.2800,309.3100,309.0700,309.2500,7684
309.6800,309.7350,309.2200,309.2450,10117
309.9500,309.9750,309.6200,309.6200,8211
310.1850,310.3050,309.7420,310.0000,8610
310.0070,310.5100,309.9100,310.2500,21277
309.2750,310.1800,309.1800,310.0330,18592
309.6850,309.7700,309.1400,309.1400,14401
309.7400,309.8300,309.6800,309.6850,15236
310.1900,310.1900,309.6750,309.8100,13858
309.8500,310.1900,309.8500,310.1900,21508
309.7700,310.0000,309.7700,309.9350,18972
309.8000,309.8950,309.7100,309.7500,29190
309.7000,309.8000,309.0000,309.7400,39299
309.7300,309.8200,309.5250,309.6980,56345
309.8000,310.0200,309.7400,309.7500,18682
310.0100,310.0900,309.6100,309.8850,22090
309.9700,310.2100,309.8100,310.0900,50761
309.8500,310.1000,309.6800,309.8900,16668
310.1400,310.2800,309.7700,309.7700,11487
309.7000,310.2300,309.6450,310.1400,50767
309.9050,310.2500,309.7050,309.7050,18983
309.6800,310.5900,309.4440,309.9850,44183
309.3750,309.8200,309.0200,309.7350,148507
308.9200,309.6400,308.9200,309.3800,45485
309.4000,309.4000,308.5700,308.9300,15795
309.7400,310.0470,309.4600,309.6000,22133
308.6700,310.0400,308.6400,309.7400,157896
309.8700,309.9600,308.6200,308.6900,123489
309.6600,310.1300,308.3100,309.7800,84028
307.5100,308.4300,307.5000,308.3700,381607
306.9000,307.6100,306.1300,307.4500,136449
306.9750,307.1950,306.8800,306.9000,44704
306.8500,307.2100,306.8200,307.0100,59877
306.9000,307.0600,306.7800,306.8400,34737
306.8800,306.9600,306.7500,306.9100,109446
307.0650,307.2550,306.8800,306.9050,53481
306.9800,307.2700,306.8300,307.0900,34918
307.0800,307.1000,306.8300,306.9700,28629
307.1050,307.4400,306.8900,307.1100,42716
306.9000,307.1400,306.8400,307.1050,22288
306.9350,306.9680,306.5700,306.8950,31910
306.8400,306.9400,306.7700,306.9350,19594
306.7300,306.9200,306.5400,306.7900,26764
306.7850,306.8800,306.6700,306.7800,25527
306.8650,306.9300,306.7200,306.8400,15833
306.6400,306.8550,306.5600,306.8550,14024
306.6000,306.6800,306.4800,306.6800,19666
306.6600,306.8400,306.5600,306.5950,20227
306.4250,306.6800,306.4250,306.6500,21676
306.5900,306.5900,306.2460,306.4200,22729
306.8700,306.9000,306.5500,306.5500,20349
306.4800,306.8700,306.4200,306.8700,19009
306.4800,306.5500,306.1500,306.5500,21025
306.6550,306.6700,306.4200,306.5300,21180
306.1600,306.6200,306.0200,306.6000,23525
306.3400,306.3400,306.0300,306.0800,16608
306.3300,306.4000,306.2700,306.2800,12227
306.3300,306.4700,306.2000,306.2000,26782
306.1200,306.4000,306.1200,306.3850,23944
306.4600,306.4900,306.0000,306.0600,17528
306.6750,306.6750,306.3800,306.4180,20020
306.4700,306.8600,306.4000,306.6400,24691
306.3250,306.4700,306.2900,306.4200,20819
306.2900,306.4200,306.2900,306.3600,17846
306.3000,306.4300,306.2200,306.2900,13555
306.2400,306.4300,306.2200,306.3000,17882
306.2150,306.3500,306.1400,306.2000,33010
306.4300,306.5200,306.1300,306.2150,20286
306.1300,306.5800,306.0400,306.4300,39005
305.9250,306.1900,305.8700,306.1300,47732
306.2500,306.2550,305.8800,305.9800,19707
305.9050,306.2800,305.6600,306.2700,25058
306.1200,306.1450,305.6400,305.9250,38985
306.0450,306.3700,305.7100,306.1200,40220
304.8600,306.0700,304.8600,306.0350,22299
304.4850,304.9000,304.4700,304.8600,65031
304.2880,304.5800,304.1800,304.4000,53488
304.0200,304.3500,303.7500,304.2850,23672
304.0250,304.1600,303.9300,304.0220,26926
303.9250,304.0600,303.7900,304.0250,22018
303.8200,304.0430,303.5200,303.9400,28910
303.4400,303.8900,303.3400,303.7900,28944
303.8600,303.9000,303.2400,303.4500,25249
303.2800,303.8650,303.2800,303.8650,36329
303.2000,303.6900,303.1400,303.2800,49674
302.4550,303.4000,302.4550,303.2700,34576
302.3800,302.5900,302.2900,302.4550,26541
303.3200,303.4000,302.4800,302.4800,52948
302.4800,303.5300,302.4100,303.1800,76514
302.1800,302.7940,302.1800,302.4700,36531
301.8800,302.4800,301.7800,302.1700,133760
301.8550,302.0600,301.4400,301.9400,38192
301.6850,302.3300,301.5550,301.8550,36335
301.8800,301.9800,301.5800,301.7300,39761
301.7500,302.1700,301.7300,301.8600,30252
302.1800,302.1800,301.7100,301.7420,36630
302.3000,302.4170,301.8350,302.2200,39636
302.5800,302.8000,302.0600,302.3400,53604
303.6600,303.6600,302.3300,302.5000,46504
303.4800,303.7700,303.2200,303.6600,53457
303.1400,304.1400,302.9000,303.5900,54839
302.5500,303.1250,301.8500,303.1250,86962
302.5300,303.2000,302.3600,302.7000,66950
303.2550,303.5400,302.4900,302.5450,55834
303.4500,303.7800,302.6100,303.3000,115897
304.8800,304.8800,302.9700,303.4450,88758
305.0000,308.0100,304.1200,304.6500,123906
307.2600,307.2600,306.8100,306.8300,149431
307.1700,307.5200,307.1550,307.2350,50222
307.6250,307.6450,307.1100,307.1700,25083
307.2100,307.6350,307.1550,307.6220,21675
307.3300,307.3500,307.1800,307.1800,15909
307.3700,307.4300,307.2900,307.3570,16954
307.4800,307.5000,307.3000,307.4050,17843
307.4600,307.6870,307.4100,307.5050,18895
307.3600,307.4900,307.2500,307.4900,13567
307.5200,307.5200,307.3400,307.4400,10605
306.8700,307.4500,306.8700,307.4500,8305
306.8300,307.0100,306.8100,306.8800,24357
306.9800,307.0570,306.8050,306.8390,15978
306.8200,307.0000,306.7490,307.0000,12287
307.0000,307.0700,306.7400,306.8500,13768
307.1000,307.5500,306.9750,306.9750,17119
307.0000,307.1000,306.8100,307.0350,27707
306.7750,307.1720,306.6400,306.9400,21021
306.7000,306.8000,306.6100,306.7510,12492
306.7200,306.8000,306.6500,306.8000,7432
306.6670,306.7400,306.6100,306.6750,8158
306.4700,306.7250,306.4300,306.7000,10492
306.4900,306.6300,306.4100,306.4300,11328
306.3750,306.5200,306.3000,306.4900,14814
306.3700,306.4600,306.2200,306.4200,15590
306.4200,306.5320,306.2900,306.3750,10472
306.6960,306.7000,306.4200,306.4200,14684
306.8700,307.2300,306.7400,306.7900,19752
306.9600,307.1150,306.8100,306.8250,14689
307.1500,307.1500,306.8300,307.0000,18847
307.1150,307.1500,306.9910,307.1500,8348
307.1400,307.1800,306.9600,307.1350,9448
307.5910,307.5910,307.0100,307.1250,12183
307.7200,307.7200,307.5900,307.6100,4445
307.6900,307.7600,307.4500,307.7200,9300
308.0100,308.0100,307.6610,307.7500,8958
308.0750,308.1280,307.9900,308.0350,5578
307.9800,308.1910,307.9200,307.9900,8886
307.8500,308.0300,307.7500,308.0300,7354
308.3100,308.3500,307.7900,307.8450,27649
308.2800,308.4100,308.1300,308.2910,19236
308.4400,308.4400,308.2000,308.2400,9112
308.3350,308.4500,308.2800,308.3210,5207
308.2350,308.3900,308.1520,308.3350,8359
308.3480,308.3900,308.1000,308.2000,16393
308.5600,308.6700,308.3400,308.3400,11412
308.7400,308.8100,308.4900,308.5620,7089
308.7700,308.8400,308.6600,308.8100,10366
308.6100,308.7600,308.5100,308.7450,19061
308.6300,308.7200,308.3500,308.5200,11462
308.8200,308.8200,308.5000,308.5790,9147
309.0000,309.1430,308.7690,308.8900,11744
308.8800,309.0560,308.7900,309.0000,13547
309.2300,309.2750,308.8000,308.8300,12859
309.5000,309.5000,309.2900,309.3540,7653
309.4850,309.5600,309.2480,309.5200,9953
309.8310,309.9600,309.5300,309.5900,11567
309.8100,310.0700,309.7400,309.9400,14479
309.7300,309.9880,309.6400,309.8200,7326
309.8000,310.0600,309.4800,309.8400,25045
309.0500,310.0400,309.0500,309.8100,13743
309.6750,309.7600,309.1100,309.1780,22440
309.7000,309.8500,309.6000,309.6000,12348
309.9500,309.9500,309.4200,309.7900,16675
310.7000,310.7200,309.7400,309.9500,17062
311.1000,311.2600,310.6950,310.6950,14482
311.5300,311.6710,311.0700,311.0800,14352
311.2000,311.5300,311.2000,311.4800,16689
312.1850,312.1850,311.2000,311.2000,20047
311.6650,312.2900,311.5800,312.1100,26635
311.4650,312.0150,311.4600,311.6950,23519
311.0450,311.5700,311.0130,311.4930,24625
311.2150,311.3500,310.8800,311.1500,23379
311.2800,311.3500,310.6630,311.2150,23823
310.1150,311.5000,310.1000,311.2800,36984
309.3500,310.5890,309.3100,310.1350,20892
307.8900,309.4700,307.8600,309.4400,72744
308.9000,309.5100,307.5600,307.5800,81756
307.2300,307.4800,306.8800,307.4500,153808
307.3300,307.4800,307.1800,307.2200,64677
307.4500,307.4500,307.2100,307.3450,34804
307.6800,307.6900,307.4100,307.4400,25880
307.4500,307.6800,307.3800,307.6500,23411
307.4700,307.5360,307.3500,307.4500,16525
307.3900,307.5400,307.3000,307.4950,12405
307.6000,307.7000,307.4000,307.4000,26288
307.5400,307.6350,307.5110,307.5600,12656
307.6500,307.6500,307.4500,307.5100,15734
307.6400,307.7200,307.5900,307.6500,10590
307.6300,307.7000,307.5900,307.6400,10015
307.7000,307.8500,307.6000,307.6100,16820
307.7700,307.8800,307.6700,307.6700,9833
307.9400,308.0800,307.8300,307.8400,10385
307.6500,307.9300,307.6500,307.8300,12089
307.9900,307.9900,307.6100,307.6650,10547
307.9900,307.9900,307.7700,307.9850,10823
308.0300,308.0650,307.9000,307.9000,11011
308.0150,308.1400,307.9900,308.0810,8680
308.0550,308.1370,307.8700,308.0150,15898
308.1000,308.1800,308.0300,308.0700,15055
307.9150,308.1100,307.8600,308.1100,7519
308.0400,308.0400,307.7100,307.9100,9451
308.3700,308.4150,308.0600,308.1200,11383
308.4240,308.4400,308.3100,308.4200,6352
308.3800,308.5400,308.2600,308.3800,15369
308.1500,308.3600,308.1400,308.3600,17863
308.3200,308.3200,308.1500,308.1500,7213
308.3100,308.3850,308.1200,308.2300,12571
308.1900,308.3000,308.1000,308.3000,6911
308.0600,308.2600,308.0600,308.1300,12021
307.9900,308.2500,307.9900,308.1500,7129
307.6500,307.9700,307.5950,307.9700,6224
307.9300,307.9650,307.6500,307.7500,7660
308.1300,308.2300,307.9500,307.9800,8886
308.2400,308.4500,308.1200,308.1600,17293
308.6300,308.6600,308.3100,308.3100,15718
308.3300,308.6700,308.3300,308.6700,12277
308.3400,308.4700,308.2900,308.4000,8449
308.2000,308.3900,308.1300,308.3400,8891
308.1000,308.2500,308.0860,308.2500,11512
308.0400,308.1800,308.0400,308.1400,7058
307.9500,308.0500,307.9300,307.9800,6078
307.9000,308.0450,307.8900,308.0000,10914
307.9450,307.9450,307.8800,307.9300,8554
307.8700,308.0160,307.8440,307.9650,13420
307.9600,308.0450,307.8800,307.8800,5541
307.8200,308.0650,307.7650,307.8700,23318
307.5600,307.8200,307.5100,307.7650,8424
307.8150,307.8700,307.4900,307.4900,68768
307.9600,307.9780,307.7700,307.7700,7971
307.5400,308.0600,307.4600,307.9300,32396
307.6300,307.7200,307.3030,307.5300,13375
307.9100,307.9600,307.6800,307.6800,17378
307.8800,307.9620,307.8000,307.9200,9557
307.6700,307.9700,307.6700,307.8950,17716
307.6500,307.8200,307.5200,307.7200,10814
307.8900,308.0250,307.6400,307.6700,19855
308.0000,308.0000,307.6200,307.9000,11490
307.4700,308.0000,307.4350,308.0000,11918
308.1800,308.2050,307.5300,307.5700,20174
308.3850,308.4000,308.1000,308.1300,10010
308.3150,308.4620,308.1100,308.3150,8739
307.7700,308.3300,307.6000,308.3060,9292
307.8950,307.9100,307.6200,307.6900,17911
307.6400,308.1000,307.6100,308.0100,13728
307.2950,307.7400,307.2950,307.7400,6370
307.6200,307.7550,307.3180,307.6600,13018
307.8100,308.0510,307.6850,307.7200,8256
308.3200,308.4100,307.8500,307.8500,15204
308.0750,308.3850,307.9050,308.1400,16358
308.5660,308.5700,308.1300,308.2400,25838
308.4600,308.8000,308.2930,308.4700,9156
308.2800,308.6650,308.0900,308.3300,20304
308.0700,308.4100,308.0050,308.3250,13593
307.8310,308.4000,307.8300,308.4000,15984
308.1500,308.3400,307.7300,307.7300,54034
306.3900,306.6500,306.2800,306.2900,127712
306.0900,306.4200,306.0900,306.3900,58962
306.4900,306.4900,306.0600,306.0600,50394
306.5900,306.7100,306.3300,306.5000,32542
306.2400,306.6200,306.2100,306.5900,36809
306.4900,306.5300,306.1800,306.2200,20248
306.6400,306.7050,306.4400,306.4750,20192
306.7050,306.7100,306.5500,306.6400,17138
306.5800,306.7300,306.5100,306.7300,16337
306.6300,306.6300,306.4900,306.5250,18102
306.7300,306.7300,306.5100,306.6400,15670
306.9300,306.9300,306.6800,306.6950,14988
306.8900,306.9600,306.7820,306.8750,13474
307.0050,307.2170,306.8220,306.8300,15729
306.8650,306.9900,306.8200,306.9700,6993
306.5600,306.8950,306.5460,306.8650,17197
306.6100,306.7100,306.4800,306.5300,12160
306.9720,306.9720,306.5400,306.7540,19731
307.1360,307.1360,306.9500,306.9600,8127
307.2800,307.3300,307.0700,307.2150,14849
307.4000,307.4150,307.2500,307.2800,8271
307.2550,307.5600,307.2000,307.3600,19812
307.2170,307.2900,307.1800,307.2550,9583
307.2300,307.2900,307.1400,307.2100,9400
306.9200,307.2800,306.9200,307.2600,14077
306.9000,306.9900,306.8650,306.9650,11115
306.9900,306.9900,306.8200,306.8300,10526
306.9600,307.0500,306.9500,306.9500,7318
307.0100,307.0700,306.9500,307.0200,9113
306.8400,306.9900,306.8110,306.9400,10162
306.9300,307.2100,306.8100,306.8400,11583
307.1100,307.2060,306.9000,306.9700,13191
307.1450,307.1900,307.0400,307.1900,8384
306.9850,307.1800,306.9200,307.1050,11831
307.2200,307.2750,306.9500,306.9750,9225
307.1450,307.3100,307.1450,307.2650,9426
307.1300,307.2300,307.0800,307.1640,8441
307.1200,307.1600,307.0000,307.1300,10284
306.9450,307.1800,306.8600,307.1200,10006
306.8700,307.0700,306.8300,306.9600,10583
306.7750,306.9600,306.7500,306.8700,12102
306.6530,306.7700,306.6200,306.7650,15733
306.5600,306.7700,306.5500,306.6800,16236
306.5200,306.6900,306.4900,306.5700,14822
306.5150,306.6900,306.4800,306.5750,17458
306.5400,306.5800,306.4500,306.5150,6649
306.5400,306.6470,306.5060,306.5650,8244
306.8900,306.9700,306.6100,306.6300,12745
306.9700,307.0600,306.8300,306.8800,9223
307.1100,307.2570,307.0300,307.0300,20026
307.0800,307.2400,306.8200,307.1100,15231
307.4400,307.4400,306.9300,307.0200,9165
307.3800,307.4700,307.2200,307.4100,19321
307.5800,307.5800,307.2600,307.4600,24078
307.4050,307.6000,307.3560,307.5650,19883
307.4350,307.5400,307.3200,307.4100,14623
307.8200,307.8200,307.3500,307.3600,12048
307.8900,307.8910,307.7350,307.7350,18267
308.3050,308.3650,307.8440,307.8600,18822
308.3050,308.4500,308.2500,308.2900,11538
307.9300,308.3100,307.8900,308.3050,26288
308.2650,308.3050,307.9200,307.9250,18884
308.2600,308.2800,308.1000,308.2300,16997
308.0150,308.2650,307.9500,308.2600,19191
308.0410,308.1100,307.9700,308.0150,17964
308.1300,308.2600,307.8800,308.0800,17220
308.3300,308.3300,307.9660,308.1050,21548
308.2800,308.4600,307.9500,308.3100,28337
308.5200,308.7500,308.2200,308.2700,18704
308.3400,308.6000,308.0100,308.5250,31593
308.3400,308.5200,308.2300,308.4400,27056
308.9600,309.0750,308.2410,308.2410,26088
308.4950,309.1600,308.4900,309.1600,9050
308.9700,308.9900,308.3920,308.3920,14350
308.6650,309.2600,308.6650,309.0000,16690
308.6100,308.8100,308.2350,308.8100,20388
307.9700,308.8300,307.8400,308.6100,20979
308.0000,308.0000,307.2400,307.9450,50133
306.2900,306.7200,306.1200,306.5600,232647
305.5400,306.4300,305.4700,306.2850,139298
305.5300,305.6300,305.0800,305.5000,62787
305.5100,305.6200,305.2200,305.5350,66847
305.2400,305.5700,305.1900,305.4900,53436
305.4900,305.5000,305.0800,305.1900,51988
305.5600,305.5600,305.3400,305.4900,34538
305.3110,305.5600,305.2300,305.5150,36211
305.1600,305.3200,305.0900,305.2500,34437
305.2990,305.3200,304.9400,305.1800,26359
304.9000,305.3900,304.8950,305.2500,33519
304.9400,304.9500,304.5950,304.9000,44927
304.7050,304.9500,304.6700,304.9150,12879
304.7900,304.8700,304.4700,304.7250,25431
304.9100,304.9500,304.7000,304.7100,18589
304.8100,304.9500,304.7700,304.8750,17107
304.5900,304.8100,304.4050,304.8100,13269
304.8550,304.8560,304.3650,304.6050,20584
304.2900,304.9400,304.1900,304.8800,22157
304.5050,304.5300,304.1500,304.2850,14318
304.1750,304.5450,304.0800,304.5450,29744
304.1750,304.2600,304.1700,304.1750,5642
304.2900,304.2900,304.1200,304.1200,23383
303.5900,304.2900,303.5900,304.2120,21966
303.5600,303.7400,303.5400,303.6800,7784
303.7000,303.7400,303.4100,303.5500,14424
303.2550,303.7900,303.0200,303.7850,36947
303.6400,303.6710,303.1200,303.2500,25678
304.0700,304.2300,303.6100,303.6100,24675
303.8650,304.0500,303.7700,303.9400,31010
303.5100,303.9100,303.3500,303.8700,26775
303.7350,303.7750,303.4620,303.5450,17531
303.6880,303.8700,303.6400,303.8000,6490
303.6650,303.7000,303.2500,303.7000,20458
303.6150,303.7200,303.4900,303.6500,37999
303.5100,303.6950,303.4100,303.5600,30497
303.8200,303.9200,303.4100,303.4400,16409
303.7300,303.9600,303.6500,303.8900,11034
303.7600,303.9900,303.6500,303.7000,17297
303.2900,303.8900,303.2400,303.8500,40259
303.3900,303.6100,303.3400,303.3890,22476
303.5500,303.6600,303.0800,303.3600,29901
303.8800,303.9200,303.2800,303.6300,48512
303.9400,304.0400,303.8600,303.8800,14327
304.0700,304.1750,303.9200,304.0250,11616
303.7600,304.0900,303.6700,303.9800,50016
303.5600,304.0100,303.5200,303.6500,47253
304.2600,304.2650,303.5800,303.6750,21416
303.9200,304.5000,303.8350,304.3600,25160
303.6150,304.1700,303.5500,303.9200,21512
303.1400,303.6400,302.9200,303.6150,29456
303.4150,303.5600,303.1400,303.1750,37781
303.5400,303.7200,303.4100,303.4100,29170
303.6500,303.8400,303.3180,303.5600,17733
303.9800,304.1400,303.6500,303.7500,30902
304.1300,304.2900,303.5600,303.8800,73197
303.9800,304.3550,303.9800,304.0500,16297
304.2200,304.4000,303.8300,304.0200,26499
304.2440,304.8300,304.0320,304.1400,17808
304.3520,304.3520,303.7400,304.0020,22465
304.4000,304.5700,304.0700,304.2900,34556
304.5770,304.7800,304.3500,304.3500,16751
304.0500,304.6900,303.9600,304.6200,21146
304.1900,304.3100,303.8600,304.1350,23641
304.2600,304.3300,304.0400,304.1100,24672
304.9500,305.1600,304.1900,304.1900,21844
305.0800,305.2100,304.7000,304.9400,28591
304.9200,305.6800,304.8100,305.1500,29655
304.7650,305.1100,304.7200,304.9800,25080
305.4100,305.4100,304.5600,304.7700,51568
305.6700,305.8400,305.2100,305.3050,27862
305.5900,305.7800,304.7800,305.6650,28201
306.2350,306.3400,305.2300,305.6400,39858
305.8200,306.3000,305.7000,306.2350,49145
305.2700,306.1500,304.6500,305.8500,44510
306.2550,306.7200,304.7100,305.1830,120703
307.1100,307.1250,305.1900,306.2700,78480
307.0000,308.2050,304.5600,306.8100,150527
312.1100,312.4900,311.8210,312.0700,196442
312.9000,312.9600,312.0610,312.1400,66573
312.5150,312.9400,312.4550,312.8800,40773
312.2400,312.5900,312.1900,312.5200,51805
312.3000,312.3100,312.1100,312.2160,19639
312.1700,312.4300,312.1010,312.3100,22005
312.4800,312.5600,312.2100,312.2250,17925
312.4300,312.5500,312.3660,312.4850,15577
312.4800,312.4800,312.2000,312.4600,15473
312.8900,312.8900,312.3600,312.5500,26435
312.8250,312.9500,312.8250,312.8900,25559
312.5800,312.8450,312.4300,312.8250,28423
312.6700,312.6900,312.4800,312.5800,32358
312.5600,312.7800,312.5600,312.6700,21092
312.5900,312.6500,312.5000,312.6150,11695
312.7600,312.8700,312.5540,312.5540,23028
312.8300,312.8300,312.6900,312.7600,10446
312.6350,312.8200,312.5900,312.7900,10399
312.7550,312.7600,312.5700,312.6600,14926
312.9050,312.9050,312.5650,312.6710,24261
312.7900,312.9400,312.7400,312.8700,18837
312.8520,312.9300,312.6700,312.7950,15008
312.9200,313.0000,312.7900,312.8350,14068
313.1650,313.3200,312.9200,312.9700,10002
313.3600,313.3600,313.1000,313.1650,13019
313.2100,313.4000,313.1700,313.2500,11956
313.2900,313.3400,313.1520,313.2450,10595
313.1820,313.3300,313.0100,313.2300,10054
312.8850,313.1150,312.8060,313.1150,22343
312.9100,312.9900,312.7900,312.8850,12538
312.8900,312.9700,312.7400,312.8800,18066
312.9100,313.0800,312.8100,312.8900,24688
313.1700,313.2300,312.8000,312.9100,14387
313.2800,313.2800,313.1000,313.1600,17450
313.2500,313.3500,313.1650,313.2900,15363
312.9450,313.2500,312.7000,313.2500,19457
313.0400,313.1100,312.7800,312.9800,15435
313.0500,313.0700,312.9600,313.0600,15084
312.6450,313.1700,312.6450,313.0950,7578
312.8800,312.8800,312.5790,312.6200,14519
312.9800,313.0400,312.7800,312.8100,14029
312.8150,313.0200,312.7700,312.9650,13666
312.8600,312.9600,312.8350,312.8500,12224
312.9100,312.9400,312.6800,312.8900,14647
312.7000,312.9100,312.6550,312.8500,6654
312.8450,312.9100,312.6400,312.7000,9464
312.8300,312.9100,312.6000,312.8520,15519
312.7300,313.0400,312.7200,312.7300,14100
312.5600,312.8250,312.5600,312.8000,12139
312.4550,312.8700,312.4550,312.4800,11226
312.7150,312.7150,312.3600,312.4550,10691
312.8200,312.8870,312.7100,312.7500,14028
312.5300,312.8300,312.4300,312.6900,11954
312.8300,312.8910,312.4900,312.5400,14681
312.6800,312.8700,312.5600,312.8200,15898
312.8300,312.8600,312.6500,312.6750,9465
312.8000,312.8750,312.5400,312.8350,12185
313.0600,313.2900,312.7600,312.8200,23003
312.8600,313.1900,312.7600,312.8550,13364
312.6000,313.0000,312.5500,312.8200,32319
312.4500,312.6100,312.3200,312.5450,15784
312.1900,312.5000,312.0800,312.4500,27280
312.1150,312.2000,311.7900,312.1550,17866
312.0950,312.2600,312.0210,312.0750,17683
312.4350,312.4400,311.9700,312.0900,24790
312.3700,312.5300,312.3000,312.4200,37079
312.4500,312.7900,312.4300,312.4300,18116
312.0500,312.6600,312.0340,312.3400,28149
311.4100,312.1500,311.4100,311.9100,34980
311.4500,311.5900,311.1500,311.5210,17676
311.4300,311.6800,311.0900,311.6200,37329
311.9150,312.0250,311.2850,311.5200,16607
311.9000,312.2000,311.6200,312.0100,16557
311.6900,312.2450,311.5400,312.0000,27798
311.5500,311.9800,311.4150,311.5250,19964
311.6800,311.9100,311.3800,311.3800,20568
311.2900,311.5800,310.5700,311.5000,25398
310.1200,312.0000,310.1200,311.3100,73133
310.9500,311.1800,310.5500,310.6200,181682
310.8900,311.0500,310.6000,310.9800,57677
310.6400,310.9300,310.6200,310.8700,36071
310.5500,310.6450,310.3300,310.5800,33181
310.2500,310.6700,310.2500,310.4900,29676
310.3000,310.3600,310.1900,310.2800,13155
310.2200,310.2900,310.0500,310.2500,24890
310.3950,310.5000,310.2000,310.2350,17729
310.7600,310.7840,310.3300,310.4000,17351
310.6600,310.8430,310.4700,310.8050,26151
310.4550,310.7500,310.4550,310.6250,12309
310.6850,310.7460,310.4900,310.4900,10856
310.6200,310.7800,310.6200,310.6500,10870
310.7400,310.8400,310.6100,310.6610,16072
310.7900,310.8600,310.6600,310.7700,16619
310.5100,310.8700,310.5100,310.7900,12319
310.6100,310.6350,310.2660,310.4700,13428
310.7500,310.7500,310.4500,310.5900,15760
310.6670,310.8500,310.6200,310.7950,11275
310.5900,310.7400,310.5900,310.7050,13575
310.7000,310.8400,310.6200,310.6200,17525
310.7500,310.8500,310.6600,310.6600,18226
310.6400,310.7800,310.4000,310.7800,13228
310.2970,310.7420,310.2470,310.6400,11270
310.3600,310.3900,310.1700,310.2300,9560
310.1000,310.6000,310.1000,310.3500,11220
310.4400,310.6800,310.1400,310.1400,10615
310.8800,310.9300,310.4200,310.4650,11693
310.8200,310.9400,310.7400,310.9050,8800
310.9600,311.1300,310.8520,310.8900,14432
311.0050,311.1000,310.8800,311.0260,10866
311.0700,311.2500,310.8900,311.0000,16752
310.9250,311.0950,310.8800,311.0500,22314
310.8350,310.9300,310.7600,310.8800,7977
310.8200,311.0000,310.7400,310.8700,10752
310.7600,310.9310,310.7600,310.8400,12572
310.6800,310.8600,310.6450,310.6800,10331
310.8950,310.8950,310.6150,310.7760,16484
310.8600,310.9700,310.7900,310.9300,6845
311.1400,311.1900,310.8620,310.9000,26581
310.8000,311.1600,310.7000,311.1400,10078
311.1300,311.2100,310.7600,310.8650,14068
311.3000,311.4100,311.1700,311.1700,15861
311.2100,311.4700,311.2100,311.4050,10105
311.1800,311.2100,310.9100,311.1900,14349
311.2300,311.3200,310.8200,311.1950,22105
311.6000,311.6800,311.2000,311.4300,22719
311.9200,311.9200,311.2800,311.5500,34762
311.7350,311.9700,311.7200,311.8600,41364
311.2100,311.8450,311.2100,311.8450,24472
311.4350,311.4350,311.1500,311.1500,14075
311.5020,311.5020,311.0800,311.4320,15300
311.3800,311.6300,311.2400,311.4200,32174
311.6200,311.6400,311.2200,311.3700,28300
311.9850,311.9850,311.4850,311.6850,25222
311.2000,312.0000,311.2000,311.9650,25453
310.9400,311.3400,310.7900,311.2400,29202
311.4300,311.5800,310.8000,310.8700,27142
311.7750,311.8100,311.3400,311.4150,30847
311.7000,311.9800,311.6700,311.7750,30549
311.6600,311.9200,311.5300,311.8100,31985
311.3300,311.7500,311.2000,311.7500,27263
311.0000,311.2700,310.8250,311.2700,17930
311.2400,311.2750,310.9600,311.0900,15772
311.0200,311.3400,311.0100,311.3000,21307
311.2100,311.2500,310.9000,311.0850,12877
311.1600,311.3600,310.8250,311.1500,17623
311.7300,311.9200,310.8000,310.9700,49658
311.4850,311.7300,311.3200,311.7300,27753
311.9850,312.0300,311.2600,311.4630,23006
311.1000,312.1450,310.9760,311.9900,25162
310.8300,311.3800,310.7820,311.1400,33167
310.4300,311.1700,310.2850,310.9200,28355
309.9300,311.5000,309.6900,310.5650,76681
309.2800,310.1450,308.9500,309.6850,50956
308.5300,309.3300,308.2800,309.1800,50148
308.8600,308.9800,308.0200,308.2700,40032
307.9000,309.1900,307.6010,308.8500,61726
306.0800,306.1400,305.7850,306.1000,216768
305.7800,306.1500,305.7800,306.0850,73407
305.9400,305.9870,305.7300,305.7700,44546
305.6100,305.9800,305.6100,305.9500,41051
305.5700,305.7600,305.5500,305.6250,28820
305.5700,305.6400,305.4600,305.5550,27266
305.6550,305.7650,305.5180,305.6200,27014
305.6500,305.6600,305.4600,305.6300,24709
305.1500,305.6700,305.0160,305.6700,26823
305.2800,305.3200,305.0300,305.1650,37669
305.2900,305.4400,305.2300,305.2600,24676
305.2600,305.3900,305.0900,305.3500,22641
305.2400,305.4700,305.2400,305.3020,24166
305.5200,305.5600,305.3000,305.3200,15622
305.3800,305.6300,305.2950,305.5200,19094
305.3900,305.5000,305.3200,305.4300,19091
305.4850,305.5500,305.2750,305.3500,14170
305.1500,305.5200,305.1200,305.5200,16566
305.1100,305.3850,305.0600,305.1400,19611
304.7800,305.0600,304.7650,305.0500,22163
305.1600,305.2850,304.7500,304.8100,45545
305.1000,305.2200,304.9800,305.1150,15483
305.3400,305.3400,304.9700,305.0150,14778
305.2500,305.4300,305.1780,305.3650,12506
305.0800,305.3850,305.0750,305.2500,14423
304.9300,305.0500,304.8100,305.0500,16564
304.8100,305.1400,304.7410,304.9200,22569
304.8610,304.9500,304.7100,304.8050,14838
304.8600,305.1400,304.6620,304.8400,26201
304.6100,305.0000,304.6000,304.8190,27964
304.7300,304.7500,304.6100,304.6150,14489
304.4400,304.7300,304.4400,304.7100,9707
304.4300,304.6100,304.3700,304.4000,14122
304.3100,304.4200,304.2900,304.4200,16473
304.6200,304.7300,304.3200,304.3200,7091
304.5150,304.7490,304.4420,304.5610,9236
304.1620,304.6200,304.1500,304.5150,13015
304.4270,304.5100,304.2100,304.2250,13182
304.1800,304.5500,304.1500,304.3150,42679
304.1550,304.2400,304.1000,304.1040,27858
304.3600,304.5100,304.0800,304.2000,15716
304.0000,304.3750,303.9700,304.3750,13776
303.7950,304.0500,303.7950,304.0300,83969
303.6800,303.9200,303.5900,303.8000,19881
304.1300,304.1300,303.6900,303.7250,15415
304.1250,304.2600,304.0700,304.0700,17386
304.2050,304.2720,303.9580,304.1400,22821
304.1900,304.3100,303.9100,304.2100,24045
303.9600,304.1380,303.9250,304.0300,13865
303.9100,304.1500,303.7600,303.9900,32010
303.9000,303.9200,303.6420,303.8300,12538
303.4900,303.8700,303.2700,303.8700,26878
304.2900,304.3400,303.3900,303.3900,14183
304.0000,304.3900,304.0000,304.2950,25862
304.1800,304.2580,303.8400,303.9900,23626
304.1300,304.3900,303.7500,304.2000,45611
304.2280,304.2400,304.0100,304.1770,23927
304.8390,304.8390,304.2470,304.2900,23679
304.8970,304.9700,304.7000,304.7000,21697
305.1800,305.1800,305.0000,305.0000,19278
305.5950,305.6300,305.1300,305.1350,25803
305.5600,305.7800,305.4900,305.7800,17802
306.2000,306.2000,305.6000,305.6350,15183
305.9300,306.4150,305.8700,306.2700,23145
305.9400,306.0700,305.8800,305.8800,13258
305.8100,306.0000,305.6620,305.8600,16785
305.9000,306.0800,305.6500,305.7850,7982
306.0300,306.0400,305.6720,305.7750,9784
306.0700,306.4100,305.9400,306.0050,10479
306.2900,306.6800,306.0800,306.0800,22380
306.6650,306.7400,306.2300,306.4050,24100
306.1800,306.6300,305.8500,306.6100,20647
306.5600,306.7900,305.8500,305.9000,23601
306.5300,306.6700,306.2800,306.4750,25358
305.9800,306.6900,305.7800,306.5600,26182
305.6950,305.9900,305.5400,305.9700,15020
304.9900,305.9700,304.7570,305.4450,57686
305.1700,305.8000,304.5400,304.9900,63663
303.5800,303.8000,303.4100,303.7000,101959
303.9800,303.9900,303.5800,303.5900,42463
304.1700,304.2400,303.9100,303.9250,28493
304.3550,304.5000,304.0900,304.1650,35065
304.0200,304.5400,304.0200,304.3700,17385
304.1300,304.1500,303.9500,304.0200,12664
304.2800,304.3000,303.9500,304.1900,22609
304.5300,304.7400,304.3000,304.3150,18672
304.3300,304.5700,304.3300,304.5700,20732
304.4900,304.5100,304.2100,304.3600,18682
304.2500,304.5100,304.1850,304.3800,12111
303.9400,304.2300,303.9000,304.1860,18867
303.8000,304.0100,303.6300,303.9020,12981
303.9400,303.9800,303.8100,303.9330,12902
303.5800,303.8100,303.4900,303.7200,7960
303.3900,303.7300,303.3200,303.5550,20970
303.7900,303.9400,303.4100,303.4400,31391
304.2350,304.5000,303.8500,303.8500,19288
304.4600,304.4850,304.1700,304.2400,20077
304.0950,304.4500,303.9400,304.4500,15518
303.5100,304.2900,303.4000,304.0850,23202
303.9100,304.1600,303.4800,303.5950,35153
303.5850,304.0200,303.4500,303.8150,29549
303.7000,303.7700,303.5100,303.5850,31828
304.2290,304.2290,303.7450,303.7450,19720
304.2500,304.3600,304.1600,304.2000,20000
304.2900,304.3800,304.2600,304.3800,13371
304.3800,304.4200,304.1200,304.2700,17474
304.3050,304.4900,304.2200,304.4800,15778
304.1900,304.3200,303.9350,304.3200,13394
304.0100,304.1950,304.0100,304.1250,8614
304.0050,304.0500,303.7400,303.9100,17553
304.3200,304.3700,304.0050,304.0050,16384
304.3500,304.3600,304.1300,304.3600,13399
303.8800,304.3700,303.8800,304.3400,10503
303.7900,303.9700,303.5100,303.9700,12592
303.7500,303.7800,303.5700,303.7200,11472
304.6250,304.6250,303.5700,303.6800,36584
304.5600,304.7300,304.5100,304.6000,16289
304.7200,304.8000,304.5800,304.6300,13998
304.5850,304.7800,304.5150,304.7200,13890
304.6900,304.7300,304.5500,304.5500,18302
304.4600,304.9600,304.4500,304.6600,20617
304.7100,304.7700,304.2450,304.4000,48570
304.6010,304.8900,304.6010,304.6800,14107
304.6800,304.7400,304.3700,304.6500,32965
304.4400,304.7600,304.4200,304.7300,16539
303.7300,304.4400,303.6400,304.4400,16713
303.7100,303.9800,303.6600,303.6700,23947
303.3200,303.8600,303.3000,303.7200,22502
303.3800,303.5200,303.1240,303.3200,21902
303.1200,303.4900,303.1200,303.3000,9978
302.8500,303.2350,302.8400,303.1300,17642
302.8350,302.9100,302.5000,302.8000,72700
302.9500,303.0000,302.6300,302.8300,19061
303.0000,303.1300,302.7400,302.8900,31197
302.6000,303.1000,302.5300,303.0000,59498
302.2500,302.6000,302.2500,302.6000,20610
302.5100,302.8200,302.1300,302.2450,109613
302.0750,302.6200,302.0320,302.6000,21516
302.1100,302.4700,301.9000,302.0750,44678
303.0600,303.1000,302.0500,302.0500,23675
303.4800,303.5080,302.8750,303.0700,24229
302.4800,303.4990,302.4500,303.4990,18172
303.0000,303.2560,301.8200,302.4750,113338
303.5200,303.8000,303.0000,303.0010,11755
303.6600,303.9800,303.0700,303.5800,14445
303.6300,303.8000,303.1800,303.6900,13705
303.4000,303.6600,303.3000,303.4600,9532
303.4800,303.8100,302.8400,303.2800,20923
303.1180,303.5650,302.8300,303.5650,25585
303.0700,303.5300,302.6400,303.1160,27840
303.1600,303.6900,303.0400,303.2300,18034
303.1400,303.4400,302.6700,303.1500,39741
303.4700,303.5800,302.9750,303.0000,48285
302.7400,303.5280,302.7000,303.3050,32476
302.0670,302.9150,301.7600,302.7400,41997
302.5200,303.6500,301.6710,301.9000,73613
299.6050,300.3300,299.4100,300.3300,179917
299.6400,299.7000,299.3500,299.6150,81489
299.4100,299.7500,299.2300,299.6100,44731
299.5850,299.7050,299.3900,299.3900,51288
299.6400,299.9000,299.3700,299.5800,34505
299.8600,300.0850,299.6500,299.6600,38674
300.0150,300.0150,299.8050,299.8600,23380
300.0000,300.3400,299.9000,300.0100,30158
300.0890,300.3400,299.9100,300.0000,28966
300.1950,300.3600,299.9100,300.0800,29369
299.8600,300.2300,299.7970,300.1900,15711
299.8900,300.1900,299.7100,299.7100,25183
299.6650,300.0550,299.6650,299.8200,25167
299.9550,300.0000,299.6450,299.6700,29947
299.8450,300.1400,299.7500,299.9000,23172
299.8900,300.0450,299.8010,299.8450,16014
299.9100,300.0350,299.8450,299.9100,13345
299.5600,300.0000,299.5500,299.9100,22094
299.5650,299.6600,299.4850,299.5500,16573
299.6250,299.7800,299.4610,299.5650,13958
299.7150,299.8000,299.5200,299.6050,18217
300.0400,300.1100,299.6500,299.6500,25578
299.8500,300.0900,299.7800,300.0350,27037
299.6150,300.0300,299.6100,299.9250,13874
299.3250,299.6100,299.3250,299.6100,24405
299.3900,299.5200,299.2350,299.3200,34633
299.7950,299.8750,299.3200,299.3900,16746
299.5500,299.9200,299.4900,299.8000,21325
299.8550,299.8550,299.4100,299.5350,21624
300.1400,300.2400,299.7800,299.8700,13930
299.4800,300.1100,299.3700,300.1100,14228
299.7000,299.7390,299.4050,299.5500,28050
300.0400,300.1900,299.7100,299.7100,17324
300.0600,300.2400,299.8600,300.0400,15776
299.8300,300.2000,299.7400,300.1500,16504
300.0100,300.0200,299.8700,299.9000,13212
300.0000,300.1100,299.8600,300.0100,12012
300.0700,300.3950,300.0000,300.0900,15585
300.2450,300.2800,300.0000,300.0600,18376
300.3450,300.3700,300.1800,300.2300,13915
300.0250,300.4500,299.7200,300.3400,19076
300.6550,300.6550,299.9500,299.9700,20379
300.9050,301.0200,300.5800,300.8000,10321
300.1900,300.8400,300.1100,300.8400,12613
300.3400,300.3500,300.0300,300.2000,15540
300.6250,300.7100,300.2600,300.3400,14142
301.0500,301.0520,300.6150,300.6150,23696
301.1250,301.1250,300.8100,301.0770,14113
300.8600,301.3700,300.8600,301.1450,16610
300.3300,300.8800,300.3300,300.8700,7169
300.4110,300.5600,300.1200,300.3400,15708
300.4200,300.5400,300.2150,300.3850,17811
300.8650,301.0320,300.4500,300.4500,15650
301.6200,301.6900,300.6000,300.8800,65770
301.4000,301.7900,301.2000,301.5350,44170
301.2950,301.5000,301.2300,301.4800,28263
301.2300,301.4700,301.0740,301.3200,23590
300.3850,301.2130,300.3850,301.1500,19350
300.0200,300.5600,299.9100,300.2600,14190
300.5550,300.6200,300.0000,300.0700,43023
300.2950,300.7100,300.1200,300.5550,26134
299.7100,300.2600,299.5800,300.2600,14338
299.2900,299.9100,298.9400,299.9100,80859
299.2400,299.3600,298.3500,299.1950,36769
300.3000,300.3000,298.8000,299.2540,27266
299.1400,300.2800,299.1400,300.2100,41299
299.1200,299.3600,298.9900,299.1400,59320
298.5100,299.3100,298.3100,299.1200,42349
298.9150,299.2360,298.3750,298.3750,34738
298.6970,299.5200,298.5300,298.8800,23348
301.2200,301.2200,298.2700,298.7800,32941
302.2600,302.2600,300.9800,301.1100,47112
302.9200,303.3300,302.2050,302.2100,33903
301.8900,303.1100,301.7500,302.9450,65564
301.1200,302.0400,301.0650,301.6900,41006
301.2200,301.5800,300.7700,301.0200,48903
301.5600,301.7400,300.0100,301.2850,32131
300.7600,301.9450,300.1600,301.6700,52688
299.1850,299.4400,298.4500,298.5700,247116
300.7000,300.7890,299.1800,299.1800,109874
301.1400,301.4100,300.6400,300.8100,70807
301.4100,301.8000,300.8500,301.2300,46315
301.7900,301.9100,301.1300,301.4000,58742
302.5900,302.6000,301.6400,301.9400,58402
303.0630,303.2500,302.5400,302.6100,52083
302.7300,303.1200,302.3000,303.0400,39430
303.2750,303.3750,302.6500,302.6800,30262
303.0100,303.4150,302.7660,303.1700,24508
302.3700,303.1600,302.1700,303.0950,24559
302.7500,303.1200,302.4050,302.4050,37395
303.0100,303.0100,302.2900,302.6900,25234
303.1550,303.3600,302.8700,303.0900,30171
303.4300,303.4900,302.5500,303.1800,27175
301.9900,303.4900,301.9900,303.4400,23176
301.4100,302.0800,300.6000,302.0800,18234
301.2700,301.4800,300.0600,301.3600,66160
300.8700,301.2600,300.7600,301.2050,10828
300.6900,300.9800,300.5500,300.8650,16808
300.7870,300.8800,300.3900,300.7400,18084
300.8300,300.9400,300.3300,300.7700,19581
301.1450,301.1450,300.6150,300.8600,21292
300.7400,301.3300,300.6800,301.1050,34530
300.5800,300.6600,300.4000,300.6400,13787
300.5000,300.7000,300.4000,300.5900,14326
300.5400,300.6900,300.4400,300.4900,18055
300.9800,301.0740,300.5800,300.5950,15624
301.1600,301.4500,300.9090,300.9200,22983
301.3300,301.3300,301.0000,301.0400,27265
301.0410,301.3100,301.0410,301.2700,12656
300.3200,301.0900,300.3030,301.0130,15817
300.2400,300.4400,300.1400,300.3200,16355
300.1600,300.2650,300.0750,300.1400,9620
299.7600,300.1500,299.7600,300.0100,10212
299.5000,299.7420,299.4300,299.7420,39507
299.6900,299.8100,299.3700,299.3840,11953
299.6650,299.7400,299.5800,299.6120,8244
299.6020,299.7870,299.5200,299.6700,12041
299.3750,299.7690,299.3300,299.5600,11257
299.4700,299.5600,299.3100,299.3550,16339
299.7250,299.7250,299.3910,299.5000,14473
299.7250,299.8100,299.6300,299.6700,12830
299.9300,299.9300,299.6700,299.8000,13969
300.0200,300.2600,299.9400,299.9750,23831
300.0000,300.3700,300.0000,300.0700,15896
299.9100,300.0600,299.8500,299.9350,12756
299.3400,299.9100,299.2500,299.8700,22641
299.5200,299.6100,299.3500,299.4000,14487
299.2100,299.5550,299.0900,299.3780,19582
299.5200,299.6500,299.2000,299.2100,24505
299.4450,299.5750,299.3200,299.5650,18496
299.1600,299.4400,299.1600,299.3700,21350
298.9110,299.3400,298.9110,299.1450,24515
298.9750,299.2500,298.8900,298.9300,29985
298.6200,299.0050,298.5900,298.9200,27706
298.5200,298.8200,298.3700,298.6500,42063
298.8200,298.9700,298.3300,298.5290,22614
298.7350,299.0200,298.7350,298.8200,12390
299.1200,299.2400,298.6650,298.7200,18930
298.8200,299.3000,298.7900,299.1300,33904
298.7300,298.9500,298.6700,298.8800,15876
299.2300,299.2900,298.6700,298.7900,25085
298.7100,299.1400,298.7000,299.1300,14988
298.5000,298.8800,298.5000,298.7450,13483
298.3750,298.5300,298.1000,298.5000,37184
298.3000,298.4700,298.1500,298.3750,26350
298.9750,299.0800,298.2220,298.3000,29177
298.7250,298.9750,298.4100,298.9750,18154
298.3800,299.0800,298.3000,298.7250,20494
299.0700,299.3100,298.2890,298.3800,25298
299.7700,299.8100,298.9500,299.0000,31615
299.9100,299.9100,299.0250,299.6800,14699
300.1300,300.1300,299.6890,299.8600,11688
299.7900,300.0800,299.5000,299.9850,36266
300.6400,300.6700,299.6700,299.6900,21104
300.8500,300.8800,300.2500,300.7540,18472
300.1300,301.2300,299.5000,301.2300,62411
